Lambda,Accuracy,Sparsity
1e-05,0.5662,0.07199255081758175
0.0001,0.5595,0.36246612942544254
0.001,0.5192,0.577136424579958
